{"cameraMode":{"drawMode":0,"name":"Shaded","section":"Shading Mode"},"sceneLighting":true,"audioPlay":false,"sceneViewState":{"m_AlwaysRefresh":false,"showFog":true,"showSkybox":true,"showFlares":true,"showImageEffects":true,"showParticleSystems":true,"showVisualEffectGraphs":true,"m_FxEnabled":true},"in2DMode":false,"pivot":{"x":-1.2461605072021485,"y":1.4347739219665528,"z":-1.0148744583129883},"rotation":{"x":-0.17539311945438386,"y":0.38999882340431216,"z":-0.07593899220228195,"w":-0.9007639288902283},"size":9.174826622009278,"orthographic":false}