{"cameraMode":{"drawMode":2,"name":"Shaded Wireframe","section":"Shading Mode"},"sceneLighting":true,"audioPlay":false,"sceneViewState":{"m_AlwaysRefresh":false,"showFog":true,"showSkybox":true,"showFlares":true,"showImageEffects":true,"showParticleSystems":true,"showVisualEffectGraphs":true,"m_FxEnabled":true},"in2DMode":false,"pivot":{"x":-357.32073974609377,"y":23.451135635375978,"z":15.628559112548829},"rotation":{"x":-0.00497116893529892,"y":-0.9521034955978394,"z":0.30551058053970339,"w":-0.015427475795149804},"size":28.701892852783204,"orthographic":false}