{"cameraMode":{"drawMode":0,"name":"Shaded","section":"Shading Mode"},"sceneLighting":true,"audioPlay":false,"sceneViewState":{"m_AlwaysRefresh":false,"showFog":true,"showSkybox":true,"showFlares":true,"showImageEffects":true,"showParticleSystems":true,"showVisualEffectGraphs":true,"m_FxEnabled":true},"in2DMode":false,"pivot":{"x":38.42434310913086,"y":793.8960571289063,"z":-112.66474151611328},"rotation":{"x":-0.6569216251373291,"y":0.005568949040025473,"z":-0.005070961080491543,"w":-0.7539719343185425},"size":60.18467712402344,"orthographic":false}